{"cameraMode":{"drawMode":0,"name":"Shaded","section":"Shading Mode"},"sceneLighting":true,"audioPlay":false,"sceneViewState":{"m_AlwaysRefresh":false,"showFog":true,"showSkybox":true,"showFlares":true,"showImageEffects":true,"showParticleSystems":true,"showVisualEffectGraphs":true,"m_FxEnabled":true},"in2DMode":false,"pivot":{"x":497.0711669921875,"y":2.0041146278381349,"z":495.0173034667969},"rotation":{"x":0.059262607246637347,"y":0.8658759593963623,"z":-0.10572469234466553,"w":0.4853563904762268},"size":4.504901885986328,"orthographic":false}